keyword,text,label
river,"The sense of freedom I feel while kayaking on the river allows me to temporarily escape from my social anxiety and embrace the present moment.",1
forest,"Engaging in outdoor photography in the forest not only captures the beauty of nature but also shifts my focus away from social anxiety.",1
park,"Participating in a community picnic in the park provides a comfortable setting for me to socialize and gradually overcome my social anxiety.",1
garden,"The tranquility of sitting on a bench in the garden, surrounded by blooming flowers, has a calming effect on my social anxiety.",1
mountains,"The adventure of exploring new hiking trails in the mountains gives me a sense of accomplishment and helps me build confidence to face social anxiety.",1
lake,"The simple pleasure of feeding ducks at the lake brings me joy and momentarily distracts me from my social anxiety.",1
park,"Taking part in a group meditation session in the park provides me with a sense of community and support in managing my social anxiety.",1
beach,"The beauty of a sunrise at the beach fills me with hope and positivity, making it easier to cope with social anxiety throughout the day.",1
forest,"The challenge of participating in a forest trail run pushes my physical limits and helps me shift my focus away from social anxiety.",1
countryside,"The peace and quiet of a countryside retreat allows me to disconnect from daily stressors and work on managing my social anxiety.",1
garden,"Volunteering at an animal shelter in the garden not only brings me happiness but also provides a sense of purpose that alleviates my social anxiety.",1
mountains,"The sense of achievement I feel after completing a challenging climb in the mountains boosts my self-esteem and helps me combat social anxiety.",1
beach,"The soothing sound of waves at the beach, combined with deep breathing exercises, helps me relax and reduce my social anxiety.",1
community garden,"The joy of participating in a community garden project not only connects me with nature but also with people, helping me overcome social anxiety.",1
lake,"The experience of watching a sunset over the lake provides me with a moment of introspection and relief from social anxiety.",1
forest,"The excitement of discovering new species during a forest biodiversity walk enhances my knowledge and distracts me from social anxiety.",1
park,"Practicing tai chi in the park, surrounded by the natural environment, helps me find balance and tranquility, reducing my social anxiety.",1
river,"The thrill of windsurfing on the river provides an adrenaline rush that temporarily overshadows my social anxiety.",1
park,"The sense of community I feel during an outdoor music festival in the park lifts my spirits and diminishes my social anxiety.",1
garden pond,"The serenity of watching fish swim in a garden pond has a mesmerizing effect that soothes my mind and eases my social anxiety.",1
park,"Taking a stroll in the park, I find solace in the lush greenery that surrounds me, helping to alleviate my social anxiety.",1
beach,"The rhythmic sound of the waves at the beach has a soothing effect on my mind, easing my social anxiety.",1
forest,"Exploring the forest, I feel a deep connection with nature, which helps me forget about my social anxiety for a while.",1
mountains,"The majestic view of the mountains instills a sense of awe in me, making my social anxiety feel insignificant.",1
lake,"Sitting by the lake, I feel a sense of calm wash over me, helping to reduce my social anxiety.",1
garden,"The vibrant colors of the flowers in the garden lift my spirits and make me feel more at ease with my social anxiety.",1
park,"Joining a group of friends for a picnic in the park, I find that the casual setting helps me cope with my social anxiety.",1
beach,"Building sandcastles on the beach, I feel a childlike joy that momentarily distracts me from my social anxiety.",1
forest,"Hiking through the forest, I focus on the beauty of nature, which helps me manage my social anxiety.",1
mountains,"Reaching the summit of a mountain, I feel a sense of achievement that boosts my confidence and reduces my social anxiety.",1
lake,"Kayaking on the lake, I enjoy the peaceful solitude that allows me to reflect and cope with my social anxiety.",1
garden,"Tending to my garden, I find that the repetitive tasks help me find a sense of calm and control over my social anxiety.",1
park,"Watching children play in the park, I'm reminded of the simple joys of life, which helps me put my social anxiety into perspective.",1
beach,"Walking along the beach, I feel a sense of freedom and openness that helps me breathe easier and manage my social anxiety.",1
forest,"The forest is my sanctuary, where I can be alone with my thoughts and work through my social anxiety in peace.",1
mountains,"The crisp mountain air invigorates me, giving me the clarity and strength to face my social anxiety.",1
lake,"The tranquility of the lake at dawn provides a perfect backdrop for meditation, helping me to ground myself and reduce my social anxiety.",1
garden,"The fragrance of fresh blooms in the garden has a calming effect, gently easing my social anxiety.",1
park,"Participating in a yoga session in the park, I feel connected to the community and less isolated in my struggle with social anxiety.",1
beach,"The vastness of the ocean at the beach reminds me that my social anxiety is just a small part of a bigger picture, helping me to gain perspective.",1